build,stage,version,alive_mean,alive_median,alive_p90,alive_p95,alive_p99,alive_peak,below_five_seconds,clear,close120_mean,close120_median,close120_p90,close120_p95,close120_p99,close120_peak,cpu_ms_mean,cpu_ms_median,cpu_ms_p90,cpu_ms_p95,cpu_ms_p99,cpu_ms_peak,death,draw_calls,effective_hp_dps,enemy_projectile_peak,engagement200_rate,frame_ms_mean,frame_ms_median,frame_ms_p90,frame_ms_p95,frame_ms_p99,frame_ms_peak,hp_loss,illegal_spawns,kill_rate,longest_dead_air,movement,player_projectile_peak,seconds,shots,simple_ratio,spawn_rate,vfx_peak,arrival_sides_0,arrival_sides_1,arrival_sides_2,arrival_sides_3,including_cold_max_ms,overlap_peak,path_queries,reinforcement_with_survivors,spawn_path_queries,stuck_seconds_peak
A,18,baseline,14.853591160221,15,24,25,26,27,1.17812733333333,False,6.4475138121547,6,14,18,19,20,4.57665675226306,0.95,1.391,1.8,115.535,115.535,True,0.0,4.88349824449409,0,2.97904032343866,6.92889765379643,6.897,7.75,7.937,8.309,122.102,14.775,0,2.3938716884775,0.101095333333333,3884.0088635314,2,37.596,68,0.605263157894737,3.0322374720715,13,,,,,,,,,,
A,18,final,2.03464203233256,0,12,15,16,16,37.8347399682538,True,1.01385681293303,0,5,9,13,13,0.917652960526287,0.945,1.265,1.348,1.373,1.524,False,0.0,1.22729395024123,0,0.578073237432466,6.89993667763163,6.9,7.165,7.363,7.866,9.19,3.325,0,0.60030682348756,36.8453279999999,699.456522591412,2,44.977,15,0.62962962962963,0.60030682348756,7,5,5,13,4,136.205,0,469,0,27,0.623874666666667
A,21,baseline,12.7903225806452,12,24,26,28,28,8.27744533333333,True,6.15668202764977,5,13,14,15,16,1.23850713956702,0.808,1.223,5.218,11.24,11.24,False,0.0,5.88143837594118,0,1.46591741998534,6.90005143559037,6.899,7.887,8.13,8.563,11.699,14.175,0,1.44370654998556,0.519445333333333,3209.55435350956,3,45.023,81,0.608695652173913,1.53255002998467,12,,,,,,,,,,
A,21,final,22.1650943396226,14,49,52,57,58,1.86192,False,12.4433962264151,5,38,41,46,46,1.3247110058309,1.299,1.847,2.432,2.432,2.432,True,0.0,5.09677419354839,0,3.96391470749043,6.90008965014576,6.898,8.533,9.462,10.517,11.244,12.2,0,1.50355385456534,0.5172,1955.32097162551,2,21.948,39,0.637362637362637,4.14616365955896,14,19,15,33,24,13.932,1,2075,10,91,2.07296622222222
A,24,baseline,12.6470588235294,13,21,22,23,23,1.14404088888889,False,6.43529411764706,5,14,15,17,17,1.74297216777731,0.91,8.345,10.374,10.374,10.374,True,0.0,6.71224362958359,0,3.61602350415278,6.89998353586829,6.897,7.678,7.86,8.191,12.436,13.3,0,2.93801909712413,0.103827555555556,1645.95678012306,2,17.699,33,0.681818181818182,3.72902423865755,7,,,,,,,,,,
A,24,final,48.4787234042553,45,72,72,72,72,0.932582555555553,False,12.0398936170213,9,24,26,29,29,1.33090280985375,1.315,1.683,1.844,1.972,1.972,True,0.0,5.58125192722787,0,4.31699044094974,6.90003791377983,6.906,10.224,10.801,11.613,13.803,14.85,0,2.82660088395519,0.207848888888889,3980.22727553174,2,38.916,70,0.695402298850575,4.47116867098366,10,32,35,59,48,13.803,1,9013,19,174,3.523856
A,26,baseline,2.99769585253456,0,13,15,17,17,33.7374773333333,True,1.60138248847926,0,7,10,13,13,0.955124213112233,0.621,1.035,1.458,9.421,9.421,False,0.0,1.36821998134245,0,0.732974990004887,6.89999785045298,6.9,7.251,7.479,7.892,13.296,6.825,0,0.732974990004887,30.9423519999999,1469.32280528545,4,45.022,25,0.606060606060606,0.732974990004887,9,,,,,,,,,,
A,26,final,33.3498098859316,33,54,55,61,62,1.34225777777778,False,12.9315589353612,13,22,25,30,31,1.46410562180581,1.326,2.085,2.145,2.16,2.16,True,0.0,6.99751134533743,0,5.78246230420143,6.90002640545146,6.905,9.19,9.847,10.884,12.115,14.25,0,3.87937344459084,0.307857777777778,2327.24228676886,2,27.324,49,0.68944099378882,5.89225589225589,9,20,47,33,61,13.159,1,4368,14,161,2.17224
A,27,baseline,16.8804597701149,14,29,31,33,33,4.97162844444444,True,6.73103448275862,6,12,14,24,24,1.29210626535627,1.011,1.38,1.426,9.611,9.611,False,0.0,4.24681266936164,0,2.35440451334903,6.90001673832926,6.9,7.846,8.093,8.593,13.009,5.075,0,1.77690906667851,0.520203555555556,4488.18466734886,2,45.022,81,0.641509433962264,2.35440451334903,6,,,,,,,,,,
A,27,final,82.2597701149425,101,110,110,110,110,1.45220722222222,True,21.8459770114943,26,28,29,30,30,1.88080476973687,1.782,2.335,2.618,3.594,3.594,False,0.0,4.04237833995958,0,3.90911311996091,6.90018437500002,6.894,13.276,13.905,15.045,17.506,13.3,0,1.9101348199809,0.518863111111111,1341.44762797118,2,45.023,81,0.702564102564103,4.33111964995669,8,23,14,29,129,17.506,2,17958,21,195,36.6394149999999
A,28,baseline,8.5503355704698,9,15,16,16,16,3.20727322222223,False,4.55704697986577,3,12,13,14,14,1.71218246550957,0.999,5.098,8.124,8.124,8.124,True,0.0,4.09450846584691,12,2.25326723749437,6.90372496662217,6.897,7.628,7.82,8.176,28.685,12.625,0,1.60947659821026,0.41376,1396.51392740989,4,15.533,28,0.6,2.25326723749437,6,,,,,,,,,,
A,28,final,46.5669291338583,49,82,86,92,92,1.34643244444444,False,13.6771653543307,18,23,25,25,26,1.69211284840243,1.656,2.297,2.37,2.37,2.37,True,0.0,2.47379138698243,26,7.76830831887774,6.90729367777022,6.903,10.707,11.387,12.573,31.07,12.35,0,1.65925032053699,0.415472444444444,1116.37825646997,2,13.259,23,0.657894736842105,8.59793347914624,8,21,6,22,65,31.07,2,2856,7,114,1.24128
A,29,baseline,3.37011494252874,2,8,11,13,14,36.7381893333332,True,0.44367816091954,0,2,3,5,5,1.37345693228924,1.0,1.309,1.588,10.707,10.707,False,0.0,1.28823045998712,5,0.533060879994669,6.90006018731769,6.899,7.377,7.609,7.983,13.063,0.0,0,0.510850009994892,0.41376,4813.2510304451,5,45.023,82,0.68,0.555271749994447,4,,,,,,,,,,
A,29,final,83.9230769230769,91,145,145,145,145,1.34472,False,20.585798816568,23,34,36,38,39,2.31570756062761,2.242,3.288,3.365,3.365,3.365,True,0.0,3.00068197317572,33,8.41100250056831,6.90126248216833,6.862,13.314,14.755,16.666,18.446,13.0,0,1.87542623323483,0.31032,1163.37410043273,3,17.596,32,0.696629213483146,10.1159354398727,6,19,7,46,106,18.446,3,7038,10,178,4.870387
B,18,baseline,4.36405529953917,3,11,13,14,14,27.2625702222222,True,0.850230414746544,0,2,4,5,8,3.77497426810478,1.031,1.562,6.811,120.271,120.271,False,0.0,5.98313359964491,0,2.64092321349312,6.92591725731896,6.9,7.665,7.886,8.519,126.802,0.0,0,2.90723479804705,8.178656,4387.29279613495,19,45.06,519,0.610687022900763,2.90723479804705,6,,,,,,,,,,
B,18,final,2.70438799076212,2,5,7,11,12,39.1633169999999,True,0.251732101616628,0,1,2,4,7,1.16601250411319,1.099,1.632,1.681,1.983,1.983,False,0.0,2.98075853631409,0,1.42364586809031,6.90005511681476,6.902,7.558,7.718,8.126,8.98,0.0,0,1.42364586809031,0.310452,5574.61834621429,23,44.955,682,0.606060606060606,1.46813480146813,5,8,20,16,22,129.607,0,945,0,66,0.621
B,21,baseline,4.26267281105991,4,9,9,11,12,26.7009875555556,True,0.714285714285714,0,2,3,4,7,1.32718273955778,0.947,1.183,1.272,11.457,11.457,False,0.0,14.4818088934299,0,2.99853405001999,6.90004545454549,6.898,7.612,7.765,8.345,12.821,0.0,0,3.39833859002266,0.5172,5474.89917649888,26,45.022,683,0.623376623376623,3.42054995335614,7,,,,,,,,,,
B,21,final,6.73103448275862,6,12,14,19,20,15.0097298888889,True,0.572413793103448,0,2,2,4,5,1.29056825657899,1.088,1.653,2.077,6.581,6.581,False,0.0,18.239971569455,0,4.10910221669406,6.90014687500001,6.898,7.884,8.129,8.678,13.107,0.0,0,4.55332948336369,1.13784,5495.26061427593,26,45.022,687,0.661904761904762,4.6643863000311,5,45,56,44,65,14.693,1,1667,19,210,0.623369777777778
B,24,baseline,11.5207373271889,11,18,21,27,29,1.966257,True,1.2073732718894,0,4,5,6,7,1.28307707661605,1.016,1.299,1.328,12.49,12.49,False,0.0,9.47092532539646,0,3.97583403669317,6.90011530784585,6.897,7.944,8.167,8.736,12.886,0.0,0,4.22015903336147,0.103585333333333,5504.73028361797,22,45.022,709,0.682926829268293,4.55332948336369,4,,,,,,,,,,
B,24,final,15.0115207373272,14,24,26,35,36,0.932720888888889,True,1.58064516129032,1,4,5,7,9,1.3142481907895,1.293,1.616,1.804,1.992,1.992,False,0.0,16.0632579627738,0,6.70783172671139,6.90036414473686,6.897,8.338,8.665,9.27,11.246,0.0,0,7.30753853671538,0.104069777777778,5569.34956393577,23,45.022,722,0.720670391061452,7.95166807338634,5,66,73,150,69,12.853,1,3267,24,358,0.625
B,26,baseline,3.33179723502304,3,7,9,11,13,30.4273973333333,True,0.412442396313364,0,1,2,4,6,1.48174973130662,1.083,1.629,6.535,11.274,11.274,False,0.0,6.78779263471191,0,2.82084314335214,6.90004299094122,6.898,7.634,7.801,8.426,13.817,0.0,0,3.48718404335658,5.79264,4828.97084951401,24,45.022,581,0.630573248407643,3.48718404335658,7,,,,,,,,,,
B,26,final,10.110599078341,10,14,17,20,21,2.38079055555555,True,1.21198156682028,1,4,5,8,9,1.43605361842108,1.331,1.78,2.104,2.619,2.619,False,0.0,12.5227666474168,0,5.77495446670517,6.90000361842105,6.904,8.246,8.57,9.36,10.911,0.0,0,6.50792945671005,0.31199055555555,5559.05400931835,24,45.022,716,0.668852459016393,6.77446581671183,6,39,80,46,140,12.832,1,2415,26,305,2.38136533333333
B,27,baseline,4.18620689655172,4,8,9,11,12,24.7369862222222,True,0.611494252873563,0,2,3,4,5,1.46585260248733,1.054,1.559,1.862,11.653,11.653,False,0.0,9.62640486873083,0,3.19843632002132,6.89998372485801,6.899,7.64,7.81,8.399,13.499,0.0,0,3.50939540669006,0.519445333333333,5536.56582224369,26,45.022,688,0.62111801242236,3.57602949669051,1,,,,,,,,,,
B,27,final,24.8459770114943,25,35,39,46,48,1.53784503703703,True,4.35862068965517,3,10,11,13,14,1.86086658989966,1.784,2.625,2.858,3.179,3.179,False,0.0,28.5091533180779,0,10.2419408589012,6.90031238690571,6.898,8.996,9.399,10.161,15.599,0.0,0,11.2194796827442,0.508567703703697,5483.14214372635,28,45.011,711,0.678571428571429,11.8193330519206,5,60,124,205,143,15.599,2,5843,33,532,0.727398666666675
B,28,baseline,3.70506912442396,4,7,8,10,10,25.3586364444444,True,0.5,0,2,2,3,4,1.38357662776413,1.014,1.41,1.857,13.028,13.028,False,0.0,8.3559148860557,0,2.57651814668384,6.9000288697789,6.899,7.58,7.747,8.308,13.354,0.0,0,2.90968859668606,10.144016,4238.66838136595,27,45.022,529,0.625954198473282,2.90968859668606,4,,,,,,,,,,
B,28,final,26.1221198156682,26,38,40,50,51,1.44993922222221,True,2.57834101382488,2,7,8,12,14,1.95974666886003,1.894,2.395,2.738,3.085,3.085,False,0.0,33.6866431126815,16,11.4659022731818,6.90163776936992,6.901,9.026,9.429,10.258,27.903,19.7575,0,12.9991333911073,0.415229333333333,5487.09655851685,29,45.003,713,0.655284552845528,13.6657556162922,11,125,177,172,141,27.903,3,5379,35,615,7.96488
B,29,baseline,11.7096774193548,14,20,22,25,28,14.7861494444445,True,1.10829493087558,1,3,4,6,6,1.49236384579943,1.181,1.389,1.805,12.831,12.831,False,0.0,14.0543422718891,10,5.35424673968585,6.90145169712794,6.902,8.06,8.344,8.929,29.877,0.0,0,5.90966652596032,0.41376,5490.55850220844,35,45.011,708,0.686832740213523,6.242918397725,4,,,,,,,,,,
B,29,final,64.2834101382489,49,119,122,133,135,1.55246055555554,True,9.00230414746544,5,22,27,33,36,2.61132620496801,2.421,3.762,3.766,5.093,5.093,False,0.0,38.6967045656425,42,17.5208740451235,6.90103931567691,6.856,11.491,12.736,14.963,19.933,9.8,0,17.3432225972642,0.311180555555544,5335.32666992815,27,45.032,718,0.721164613661814,19.8303428672944,8,112,240,334,207,19.933,3,13560,40,893,12.109376
C,18,baseline,6.27482678983834,6,10,11,13,15,8.72158318518519,True,0.387990762124711,0,1,2,3,5,4.19970221948215,1.097,1.349,1.388,114.896,114.896,False,0.0,5.34840259855833,0,2.35828067989677,6.92472148581999,6.898,7.763,7.971,8.644,120.979,0.0,0,2.58075998932099,0.103439153439153,6149.2690372467,24,44.948,769,0.614754098360656,2.71424757497553,2,,,,,,,,,,
C,18,final,3.53348729792148,2,8,10,11,12,29.4281538888889,True,0.508083140877598,0,2,2,4,5,1.09886870681146,1.059,1.325,1.588,2.051,2.051,False,0.0,6.28989568737349,0,2.93587776072596,6.8999272787101,6.902,7.613,7.768,8.534,10.046,0.0,0,3.09156824803719,6.006416,5249.15057075024,25,44.961,630,0.618705035971223,3.09156824803719,4,19,28,51,41,132.812,0,1036,0,139,0.624079555555556
C,21,baseline,3.85747126436782,3,8,11,13,14,29.397648,True,0.48735632183908,0,2,3,4,5,1.62815740171998,1.152,1.473,2.939,15.306,15.306,False,0.0,14.0286970814269,0,2.88747723335258,6.90000675675677,6.898,7.693,7.872,8.58,13.462,0.0,0,3.30949313668873,0.62064,6106.06384849548,24,45.022,747,0.613333333333333,3.33170450002221,6,,,,,,,,,,
C,21,final,5.98850574712644,5,11,13,15,17,16.5577320000001,True,1.0367816091954,1,3,4,6,7,1.12928146076663,1.11,1.406,1.515,1.729,1.729,False,0.0,19.2350406467949,0,3.95362267335969,6.90012074354337,6.899,7.755,7.917,8.652,9.342,0.0,0,4.6643863000311,0.62064,6080.87711645663,26,45.022,758,0.644859813084112,4.75323175336502,8,41,27,75,71,13.432,1,1475,19,214,0.625
C,24,baseline,8.16359447004608,8,17,19,22,25,14.391952,True,0.983870967741936,0,3,4,5,7,1.41712607493861,1.088,1.328,1.415,13.504,13.504,False,0.0,9.81720453990181,0,3.95353485996046,6.9003978808354,6.897,7.867,8.092,8.812,13.526,0.0,0,4.4199631299558,0.41376,6152.17357301433,22,45.023,745,0.682242990654206,4.75312617995247,4,,,,,,,,,,
C,24,final,18.7304147465438,18,28,30,37,39,1.035879,True,1.7073732718894,1,5,7,9,12,1.26972224971137,1.216,1.498,1.58,2.945,2.945,False,0.0,14.46971042814,0,6.12897495114585,6.91821540491504,6.902,8.382,8.803,12.057,19.024,0.0,0,6.7507550186534,0.104166666666667,6148.28595254896,25,45.032,770,0.7217125382263,7.26150293124889,7,46,71,141,69,19.024,1,4069,23,327,0.625
C,26,baseline,4.29953917050691,4,7,8,9,10,26.5897191111111,True,0.410138248847926,0,1,2,3,4,1.49336373407034,1.028,1.283,2.18,13.211,13.211,False,0.0,7.32514492592674,0,3.39826310996602,6.90019591586059,6.896,7.733,7.932,8.677,13.467,0.0,0,3.77584789996224,0.310516444444444,6129.49281215668,30,45.023,764,0.626436781609195,3.86469137996135,1,,,,,,,,,,
C,26,final,12.8896551724138,13,18,20,23,25,1.8505206969697,True,1.01379310344828,1,3,3,6,9,1.43303541287437,1.386,1.815,2.018,2.408,2.408,False,0.0,13.0666903946256,0,5.87266984028118,6.94074201555518,6.893,8.401,8.947,15.002,16.984,0.0,0,6.74022333941362,0.305940000000004,6110.75933694839,32,44.954,765,0.659305993690852,7.05165280064065,5,37,61,137,82,23.531,1,3045,26,317,0.625
C,27,baseline,4.38940092165899,3,9,10,12,13,27.5340364444444,True,0.65668202764977,0,2,3,5,5,1.49887684275184,1.089,1.351,1.412,13.511,13.511,False,0.0,9.39519800990604,0,2.93183483997068,6.90009643734643,6.896,7.74,7.923,8.594,13.126,0.0,0,3.39826310996602,0.41376,6102.21589223738,23,45.023,757,0.619354838709677,3.44268484996557,1,,,,,,,,,,
C,27,final,17.0276497695853,17,25,30,33,34,1.86192,True,2.2741935483871,2,5,6,8,9,1.60903142481077,1.57,2.025,2.118,2.478,2.478,False,0.0,29.9580214557005,0,10.3724762898963,6.89987446528463,6.902,8.569,8.931,9.701,11.243,0.0,0,12.0827132798792,0.41376,6049.50639855955,30,45.023,761,0.692857142857143,12.4380871998756,4,86,99,227,148,13.522,2,4116,34,560,0.625
C,28,baseline,2.57241379310345,3,5,6,10,12,38.5003263333332,True,0.498850574712644,0,2,2,4,6,1.58147827422081,1.005,1.338,7.849,20.562,20.562,False,0.0,8.16027363791839,0,2.48761743997512,6.9000293259635,6.899,7.523,7.66,8.278,14.371,0.875,0,2.88741309997113,10.661216,4601.20381784439,26,45.023,581,0.630769230769231,2.88741309997113,2,,,,,,,,,,
C,28,final,30.8571428571429,32,47,51,55,56,1.862356,True,2.61059907834101,2,6,8,12,14,1.88543788053307,1.9,2.374,2.469,2.72,2.72,False,0.0,35.0617613080958,11,11.9523682573536,6.90132631232515,6.899,9.4,9.856,10.769,28.613,10.815,0,13.6408068959389,0.414196,6057.06504053576,32,45.012,761,0.686363636363636,14.6627565982405,6,97,125,245,193,28.613,3,6507,37,660,3.20664
C,29,baseline,9.46543778801843,7,17,18,20,20,8.48580544444446,True,1.17741935483871,1,3,5,7,9,1.47114529258177,1.097,1.497,1.527,12.953,12.953,False,0.0,12.5158224334347,12,4.5746263685017,6.90124128398097,6.898,7.915,8.217,8.909,28.497,0.0,0,5.26304101618885,0.31032,6126.65475416183,28,45.031,768,0.687242798353909,5.39628256090249,2,,,,,,,,,,
C,29,final,58.016091954023,60,92,95,101,103,1.65504,True,3.46666666666667,3,8,11,13,16,2.2052152023692,2.079,3.184,3.289,3.906,3.906,False,0.0,46.8806218767354,20,17.3459189339256,6.90082741033235,6.89,11.067,11.726,13.137,18.45,0.0,0,20.58856191005,0.41376,6127.51760172844,32,45.025,767,0.721135029354207,22.6985008328706,5,129,214,449,230,18.45,3,12058,43,1022,10.144016
