id,name,tier,price,mechanism,primary_path_limit,observed_visible_max,presentation_cases,mismatches,screenshot,screenshot_exists,raw_dps,final_dps,raw_boss_dps,final_boss_dps,raw_clear_seconds,final_clear_seconds,status,range_note
1,冲击波霰弹枪,1,60,projectile,800.0,810.667358398438,6,0,weapons-visual-final-v2/m8/m9-weapon-1.png,True,1.46656889540697,1.90666666667094,1.46656889540697,1.90653956403333,65.785,52.054,PASS,Primary projectile/beam path; AoE radius and conditional secondary paths are separate.
3,Baby冲锋枪,1,90,projectile,1200.0,1204.00012207031,6,0,weapons-visual-final-v2/m8/m9-weapon-3.png,True,2.70432292012464,5.41297246847959,2.70666666665541,5.41333333331083,66.958,33.534,PASS,Primary projectile/beam path; AoE radius and conditional secondary paths are separate.
9,Uzi,1,120,projectile,1200.0,1214.00012207031,6,0,weapons-visual-final-v2/m8/m9-weapon-9.png,True,3.29978001466569,5.28000000001921,3.3,5.28000000001921,53.862,34.238,PASS,Primary projectile/beam path; AoE radius and conditional secondary paths are separate.
0,冲击波步枪,2,240,projectile,800.0,810.667236328125,6,0,weapons-visual-final-v2/m8/m9-weapon-0.png,True,6.3,7.55949603360998,6.3,7.55949603360998,28.814,25.072,PASS,Primary projectile/beam path; AoE radius and conditional secondary paths are separate.
2,轻型狙击枪,2,260,projectile,2000.0,2003.99816894531,6,0,weapons-visual-final-v2/m8/m9-weapon-2.png,True,6.66666666666667,9.89267382174289,6.66622225184988,9.89333333333101,26.745,21.681,PASS,Primary projectile/beam path; AoE radius and conditional secondary paths are separate.
5,帝国霰弹枪,2,290,projectile,800.0,810.664367675781,6,0,weapons-visual-final-v2/m8/m9-weapon-5.png,True,4.0,5.51999999998952,3.99973335110993,5.51963202452122,33.769,24.661,PASS,Primary projectile/beam path; AoE radius and conditional secondary paths are separate.
8,RebalShotgun,2,320,projectile,1000.0,1012.33551025391,6,0,weapons-visual-final-v2/m8/m9-weapon-8.png,True,2.16652223185121,3.88266666666314,2.16652223185121,3.87956301625014,26.842,15.898,PASS,Primary projectile/beam path; AoE radius and conditional secondary paths are separate.
123,三连发卡宾,2,350,projectile,800.0,810.667785644531,6,0,weapons-visual-final-v2/m8/m9-weapon-123.png,True,3.79974668355443,8.39800000002433,3.4,7.95546963538069,49.046,22.977,PASS,Primary projectile/beam path; AoE radius and conditional secondary paths are separate.
7,异形者机枪,2,380,projectile,1000.0,1012.33239746094,6,0,weapons-visual-final-v2/m8/m9-weapon-7.png,True,7.59949336710886,10.8672755149126,7.59949336710886,10.8679999999469,23.408,16.34,PASS,Primary projectile/beam path; AoE radius and conditional secondary paths are separate.
117,反弹重弹枪,3,700,ricochet,600.0,604.000061035156,6,0,weapons-visual-final-v2/m8/m9-weapon-117.png,True,6.39957336177588,17.1988534097727,6.39957336177588,17.2,29.828,10.281,PASS,Primary projectile/beam path; AoE radius and conditional secondary paths are separate.
118,裂片发射器,3,760,shard,640.0,771.869201660156,6,0,weapons-visual-final-v2/m8/m9-weapon-118.png,True,6.99953336444237,15.2000000000116,6.99953336444237,15.2000000000116,14.9,7.397,PASS,640 px mother path + up to 640 px one-generation fragment path; M9Paths tests a target at 1220 and excludes 1330.
4,异形者枪步,4,1300,projectile,800.0,810.667236328125,6,0,weapons-visual-final-v2/m8/m9-weapon-4.png,True,11.3333333333333,17.6221585227684,11.3333333333333,17.6221585227684,15.677,10.115,PASS,Primary projectile/beam path; AoE radius and conditional secondary paths are separate.
112,跃迁电弧枪,4,1500,arc,320.0,320.0,6,0,weapons-visual-final-v2/m8/m9-weapon-112.png,True,4.8,19.8706752883113,4.79968002133191,19.8706752883113,17.002,3.119,PASS,Primary projectile/beam path; AoE radius and conditional secondary paths are separate.
115,扇面脉冲炮,4,1550,cone,105.0,105.000068664551,6,0,weapons-visual-final-v2/m8/m9-weapon-115.png,True,6.71999999999534,16.5600000000093,6.71999999999534,16.5588960736044,3.588,1.035,PASS,Primary projectile/beam path; AoE radius and conditional secondary paths are separate.
114,等离子榴炮,4,1600,projectile,280.0,289.195098876953,6,0,weapons-visual-final-v2/m8/m9-weapon-114.png,True,4.53333333333333,20.4666355576269,4.53333333333333,20.4679999999974,19.196,3.823,PASS,Projectile path plus on-impact AoE radius; explosion footprint is wall clipped.
116,热流喷射器,4,1700,thermal,85.0,85.0000152587891,6,0,weapons-visual-final-v2/m8/m9-weapon-116.png,True,7.3266666666624,27.2581827878351,7.32617825477875,27.2581827878351,9.025,2.015,PASS,Primary projectile/beam path; AoE radius and conditional secondary paths are separate.
6,BoomBoi,4,1750,beam,1000.0,1000.0,6,0,weapons-visual-final-v2/m8/m9-weapon-6.png,True,7.46616892207186,14.5963602426635,7.46616892207186,14.59344174888,23.198,11.303,PASS,Primary projectile/beam path; AoE radius and conditional secondary paths are separate.
122,回旋锯盘,4,1800,disc,198.0,203.615295410156,6,0,weapons-visual-final-v2/m8/m9-weapon-122.png,True,9.79934671021932,32.3378441437047,9.79934671021932,32.339999999981,10.139,4.226,PASS,Outbound 0.55 s then visible return to player; M9Paths verifies separate outbound/return hits.
111,棱镜脉冲枪,5,2600,prism,280.0,280.004028320313,6,0,weapons-visual-final-v2/m8/m9-weapon-111.png,True,14.0799999999814,30.3979734684354,14.0799999999814,30.4,13.828,8.267,PASS,Primary projectile/beam path; AoE radius and conditional secondary paths are separate.
113,蓄能轨道炮,5,2800,rail,420.0,420.001190185547,6,0,weapons-visual-final-v2/m8/m9-weapon-113.png,True,5.83294447036864,29.6800000000027,5.83333333333333,29.6780214652384,18.548,5.313,PASS,Primary projectile/beam path; AoE radius and conditional secondary paths are separate.
119,散射火箭炮,5,3000,rocket,440.0,443.999725341797,6,0,weapons-visual-final-v2/m8/m9-weapon-119.png,True,3.59976001599893,15.8399999999965,3.59976001599893,15.8389440703918,16.822,3.878,PASS,Projectile path plus on-impact AoE radius; explosion footprint is wall clipped.
120,微型追踪导弹,5,3200,missile,520.0,524.0,6,0,weapons-visual-final-v2/m8/m9-weapon-120.png,True,8.95940270649555,33.7279999999795,8.95940270649555,33.7279999999795,14.766,4.223,PASS,Projectile path plus on-impact AoE radius; explosion footprint is wall clipped.
121,引力榴弹器,5,3400,gravity,145.0,145.0,6,0,weapons-visual-final-v2/m8/m9-weapon-121.png,True,4.99766775504764,23.8436416955537,4.99966668888741,23.8484101059988,5.269,1.962,PASS,"81 px nominal flight + 64 px field radius, clipped by walls; physics tick discretization applies."
124,加速转管机枪,5,3600,rotary,880.0,883.999267578125,6,0,weapons-visual-final-v2/m8/m9-weapon-124.png,True,15.9989334044009,38.0000000000776,15.9999999999612,38.0000000000776,11.219,3.86,PASS,Primary projectile/beam path; AoE radius and conditional secondary paths are separate.
